1;palavra
2;palavra
3;palavra
4;palavra
5;palavra
6;palavra
7;palavra
8;palavra
9;palavra
10;palavra
11;palavra
12;palavra
13;palavra
14;palavra
15;palavra
16;palavra
17;palavra
18;palavra
19;palavra
20;palavra
21;palavra
22;palavra
23;palavra
24;palavra
25;palavra
26;palavra
27;palavra
28;palavra
29;palavra
30;palavra
31;palavra
32;palavra
33;palavra
34;palavra
35;palavra
36;palavra
37;palavra
38;palavra
39;palavra
40;palavra
41;palavra
42;palavra
43;palavra
44;palavra
45;palavra
46;palavra
47;palavra
48;palavra
49;palavra
50;palavra
51;palavra
52;palavra
53;palavra
54;palavra
55;palavra
56;palavra
57;palavra
58;palavra
59;palavra
60;palavra
61;palavra
62;palavra
63;palavra
64;palavra
65;palavra
66;palavra
67;palavra
68;palavra
69;palavra
70;palavra
71;palavra
72;palavra
73;palavra
74;palavra
75;palavra
76;palavra
77;palavra
78;palavra
79;palavra
80;palavra
81;palavra
82;palavra
83;palavra
84;palavra
85;palavra
86;palavra
87;palavra
88;palavra
89;palavra
90;palavra
91;palavra
92;palavra
93;palavra
94;palavra
95;palavra
96;palavra
97;palavra
98;palavra
99;palavra
100;palavra
101;palavra
102;palavra
103;palavra
104;palavra
105;palavra
106;palavra
107;palavra
108;palavra
109;palavra
110;palavra
111;palavra
112;palavra
113;palavra
114;palavra
115;palavra
116;palavra
117;palavra
118;palavra
119;palavra
120;palavra
121;palavra
122;palavra
123;palavra
124;palavra
125;palavra
126;palavra
127;palavra
128;palavra
129;palavra
130;palavra
131;palavra
132;palavra
133;palavra
134;palavra
135;palavra
136;palavra
137;palavra
138;palavra
139;palavra
140;palavra
141;palavra
142;palavra
143;palavra
144;palavra
145;palavra
146;palavra
147;palavra
148;palavra
149;palavra
150;palavra
151;palavra
152;palavra
153;palavra
154;palavra
155;palavra
156;palavra
157;palavra
158;palavra
159;palavra
160;palavra
161;palavra
162;palavra
163;palavra
164;palavra
165;palavra
166;palavra
167;palavra
168;palavra
169;palavra
170;palavra
171;palavra
172;palavra
173;palavra
174;palavra
175;palavra
176;palavra
177;palavra
178;palavra
179;palavra
180;palavra
181;palavra
182;palavra
183;palavra
184;palavra
185;palavra
186;palavra
187;palavra
188;palavra
189;palavra
190;palavra
191;palavra
192;palavra
193;palavra
194;palavra
195;palavra
196;palavra
197;palavra
198;palavra
199;palavra
200;palavra
201;palavra
202;palavra
203;palavra
204;palavra
205;palavra
206;palavra
207;palavra
208;palavra
209;palavra
210;palavra
211;palavra
212;palavra
213;palavra
214;palavra
215;palavra
216;palavra
217;palavra
218;palavra
219;palavra
220;palavra
221;palavra
222;palavra
223;palavra
224;palavra
225;palavra
226;palavra
227;palavra
228;palavra
229;palavra
230;palavra
231;palavra
232;palavra
233;palavra
234;palavra
235;palavra
236;palavra
237;palavra
238;palavra
239;palavra
240;palavra
241;palavra
242;palavra
243;palavra
244;palavra
245;palavra
246;palavra
247;palavra
248;palavra
249;palavra
250;palavra
251;palavra
252;palavra
253;palavra
254;palavra
255;palavra
256;palavra
257;palavra
258;palavra
259;palavra
260;palavra
261;palavra
262;palavra
263;palavra
264;palavra
265;palavra
266;palavra
267;palavra
268;palavra
269;palavra
270;palavra
271;palavra
272;palavra
273;palavra
274;palavra
275;palavra
276;palavra
277;palavra
278;palavra
279;palavra
280;palavra
281;palavra
282;palavra
283;palavra
284;palavra
285;palavra
286;palavra
287;palavra
288;palavra
289;palavra
290;palavra
291;palavra
292;palavra
293;palavra
294;palavra
295;palavra
296;palavra
297;palavra
298;palavra
299;palavra
300;palavra
301;palavra
302;palavra
303;palavra
304;palavra
305;palavra
306;palavra
307;palavra
308;palavra
309;palavra
310;palavra
311;palavra
312;palavra
313;palavra
314;palavra
315;palavra
316;palavra
317;palavra
318;palavra
319;palavra
320;palavra
321;palavra
322;palavra
323;palavra
324;palavra
325;palavra
326;palavra
327;palavra
328;palavra
329;palavra
330;palavra
331;palavra
332;palavra
333;palavra
334;palavra
335;palavra
336;palavra
337;palavra
338;palavra
339;palavra
340;palavra
341;palavra
342;palavra
343;palavra
344;palavra
345;palavra
346;palavra
347;palavra
348;palavra
349;palavra
350;palavra
351;palavra
352;palavra
353;palavra
354;palavra
355;palavra
356;palavra
357;palavra
358;palavra
359;palavra
360;palavra
361;palavra
362;palavra
363;palavra
364;palavra
365;palavra
366;palavra
367;palavra
368;palavra
369;palavra
370;palavra
371;palavra
372;palavra
373;palavra
374;palavra
375;palavra
376;palavra
377;palavra
378;palavra
379;palavra
380;palavra
381;palavra
382;palavra
383;palavra
384;palavra
385;palavra
386;palavra
387;palavra
388;palavra
389;palavra
390;palavra
391;palavra
392;palavra
393;palavra
394;palavra
395;palavra
396;palavra
397;palavra
398;palavra
399;palavra
400;palavra
401;palavra
402;palavra
403;palavra
404;palavra
405;palavra
406;palavra
407;palavra
408;palavra
409;palavra
410;palavra
411;palavra
412;palavra
413;palavra
414;palavra
415;palavra
416;palavra
417;palavra
418;palavra
419;palavra
420;palavra
421;palavra
422;palavra
423;palavra
424;palavra
425;palavra
426;palavra
427;palavra
428;palavra
429;palavra
430;palavra
431;palavra
432;palavra
433;palavra
434;palavra
435;palavra
436;palavra
437;palavra
438;palavra
439;palavra
440;palavra
441;palavra
442;palavra
443;palavra
444;palavra
445;palavra
446;palavra
447;palavra
448;palavra
449;palavra
450;palavra
451;palavra
452;palavra
453;palavra
454;palavra
455;palavra
456;palavra
457;palavra
458;palavra
459;palavra
460;palavra
461;palavra
462;palavra
463;palavra
464;palavra
465;palavra
466;palavra
467;palavra
468;palavra
469;palavra
470;palavra
471;palavra
472;palavra
473;palavra
474;palavra
475;palavra
476;palavra
477;palavra
478;palavra
479;palavra
480;palavra
481;palavra
482;palavra
483;palavra
484;palavra
485;palavra
486;palavra
487;palavra
488;palavra
489;palavra
490;palavra
491;palavra
492;palavra
493;palavra
494;palavra
495;palavra
496;palavra
497;palavra
498;palavra
499;palavra
500;palavra
501;palavra
502;palavra
503;palavra
504;palavra
505;palavra
506;palavra
507;palavra
508;palavra
509;palavra
510;palavra
511;palavra
512;palavra
513;palavra
514;palavra
515;palavra
516;palavra
517;palavra
518;palavra
519;palavra
520;palavra
521;palavra
522;palavra
523;palavra
524;palavra
525;palavra
526;palavra
527;palavra
528;palavra
529;palavra
530;palavra
531;palavra
532;palavra
533;palavra
534;palavra
535;palavra
536;palavra
537;palavra
538;palavra
539;palavra
540;palavra
541;palavra
542;palavra
543;palavra
544;palavra
545;palavra
546;palavra
547;palavra
548;palavra
549;palavra
550;palavra
551;palavra
552;palavra
553;palavra
554;palavra
555;palavra
556;palavra
557;palavra
558;palavra
559;palavra
560;palavra
561;palavra
562;palavra
563;palavra
564;palavra
565;palavra
566;palavra
567;palavra
568;palavra
569;palavra
570;palavra
571;palavra
572;palavra
573;palavra
574;palavra
575;palavra
576;palavra
577;palavra
578;palavra
579;palavra
580;palavra
581;palavra
582;palavra
583;palavra
584;palavra
585;palavra
586;palavra
587;palavra
588;palavra
589;palavra
590;palavra
591;palavra
592;palavra
593;palavra
594;palavra
595;palavra
596;palavra
597;palavra
598;palavra
599;palavra
600;palavra
601;palavra
602;palavra
603;palavra
604;palavra
605;palavra
606;palavra
607;palavra
608;palavra
609;palavra
610;palavra
611;palavra
612;palavra
613;palavra
614;palavra
615;palavra
616;palavra
617;palavra
618;palavra
619;palavra
620;palavra
621;palavra
622;palavra
623;palavra
624;palavra
625;palavra
626;palavra
627;palavra
628;palavra
629;palavra
630;palavra
631;palavra
632;palavra
633;palavra
634;palavra
635;palavra
636;palavra
637;palavra
638;palavra
639;palavra
640;palavra
641;palavra
642;palavra
643;palavra
644;palavra
645;palavra
646;palavra
647;palavra
648;palavra
649;palavra
650;palavra
651;palavra
652;palavra
653;palavra
654;palavra
655;palavra
656;palavra
657;palavra
658;palavra
659;palavra
660;palavra
661;palavra
662;palavra
663;palavra
664;palavra
665;palavra
666;palavra
667;palavra
668;palavra
669;palavra
670;palavra
671;palavra
672;palavra
673;palavra
674;palavra
675;palavra
676;palavra
677;palavra
678;palavra
679;palavra
680;palavra
681;palavra
682;palavra
683;palavra
684;palavra
685;palavra
686;palavra
687;palavra
688;palavra
689;palavra
690;palavra
691;palavra
692;palavra
693;palavra
694;palavra
695;palavra
696;palavra
697;palavra
698;palavra
699;palavra
700;palavra
701;palavra
702;palavra
703;palavra
704;palavra
705;palavra
706;palavra
707;palavra
708;palavra
709;palavra
710;palavra
711;palavra
712;palavra
713;palavra
714;palavra
715;palavra
716;palavra
717;palavra
718;palavra
719;palavra
720;palavra
721;palavra
722;palavra
723;palavra
724;palavra
725;palavra
726;palavra
727;palavra
728;palavra
729;palavra
730;palavra
731;palavra
732;palavra
733;palavra
734;palavra
735;palavra
736;palavra
737;palavra
738;palavra
739;palavra
740;palavra
741;palavra
742;palavra
743;palavra
744;palavra
745;palavra
746;palavra
747;palavra
748;palavra
749;palavra
750;palavra
751;palavra
752;palavra
753;palavra
754;palavra
755;palavra
756;palavra
757;palavra
758;palavra
759;palavra
760;palavra
761;palavra
762;palavra
763;palavra
764;palavra
765;palavra
766;palavra
767;palavra
768;palavra
769;palavra
770;palavra
771;palavra
772;palavra
773;palavra
774;palavra
775;palavra
776;palavra
777;palavra
778;palavra
779;palavra
780;palavra
781;palavra
782;palavra
783;palavra
784;palavra
785;palavra
786;palavra
787;palavra
788;palavra
789;palavra
790;palavra
791;palavra
792;palavra
793;palavra
794;palavra
795;palavra
796;palavra
797;palavra
798;palavra
799;palavra
800;palavra
801;palavra
802;palavra
803;palavra
804;palavra
805;palavra
806;palavra
807;palavra
808;palavra
809;palavra
810;palavra
811;palavra
812;palavra
813;palavra
814;palavra
815;palavra
816;palavra
817;palavra
818;palavra
819;palavra
820;palavra
821;palavra
822;palavra
823;palavra
824;palavra
825;palavra
826;palavra
827;palavra
828;palavra
829;palavra
830;palavra
831;palavra
832;palavra
833;palavra
834;palavra
835;palavra
836;palavra
837;palavra
838;palavra
839;palavra
840;palavra
841;palavra
842;palavra
843;palavra
844;palavra
845;palavra
846;palavra
847;palavra
848;palavra
849;palavra
850;palavra
851;palavra
852;palavra
853;palavra
854;palavra
855;palavra
856;palavra
857;palavra
858;palavra
859;palavra
860;palavra
861;palavra
862;palavra
863;palavra
864;palavra
865;palavra
866;palavra
867;palavra
868;palavra
869;palavra
870;palavra
871;palavra
872;palavra
873;palavra
874;palavra
875;palavra
876;palavra
877;palavra
878;palavra
879;palavra
880;palavra
881;palavra
882;palavra
883;palavra
884;palavra
885;palavra
886;palavra
887;palavra
888;palavra
889;palavra
890;palavra
891;palavra
892;palavra
893;palavra
894;palavra
895;palavra
896;palavra
897;palavra
898;palavra
899;palavra
900;palavra
901;palavra
902;palavra
903;palavra
904;palavra
905;palavra
906;palavra
907;palavra
908;palavra
909;palavra
910;palavra
911;palavra
912;palavra
913;palavra
914;palavra
915;palavra
916;palavra
917;palavra
918;palavra
919;palavra
920;palavra
921;palavra
922;palavra
923;palavra
924;palavra
925;palavra
926;palavra
927;palavra
928;palavra
929;palavra
930;palavra
931;palavra
932;palavra
933;palavra
934;palavra
935;palavra
936;palavra
937;palavra
938;palavra
939;palavra
940;palavra
941;palavra
942;palavra
943;palavra
944;palavra
945;palavra
946;palavra
947;palavra
948;palavra
949;palavra
950;palavra
951;palavra
952;palavra
953;palavra
954;palavra
955;palavra
956;palavra
957;palavra
958;palavra
959;palavra
960;palavra
961;palavra
962;palavra
963;palavra
964;palavra
965;palavra
966;palavra
967;palavra
968;palavra
969;palavra
970;palavra
971;palavra
972;palavra
973;palavra
974;palavra
975;palavra
976;palavra
977;palavra
978;palavra
979;palavra
980;palavra
981;palavra
982;palavra
983;palavra
984;palavra
985;palavra
986;palavra
987;palavra
988;palavra
989;palavra
990;palavra
991;palavra
992;palavra
993;palavra
994;palavra
995;palavra
996;palavra
997;palavra
998;palavra
999;palavra
1000;palavra
1001;palavra
1002;palavra
1003;palavra
1004;palavra
1005;palavra
1006;palavra
1007;palavra
1008;palavra
1009;palavra
1010;palavra
1011;palavra
1012;palavra
1013;palavra
1014;palavra
1015;palavra
1016;palavra
1017;palavra
1018;palavra
1019;palavra
1020;palavra
1021;palavra
1022;palavra
1023;palavra
1024;palavra
1025;palavra
1026;palavra
1027;palavra
1028;palavra
1029;palavra
1030;palavra
1031;palavra
1032;palavra
1033;palavra
1034;palavra
1035;palavra
1036;palavra
1037;palavra
1038;palavra
1039;palavra
1040;palavra
1041;palavra
1042;palavra
1043;palavra
1044;palavra
1045;palavra
1046;palavra
1047;palavra
1048;palavra
1049;palavra
1050;palavra
1051;palavra
1052;palavra
1053;palavra
1054;palavra
1055;palavra
1056;palavra
1057;palavra
1058;palavra
1059;palavra
1060;palavra
1061;palavra
1062;palavra
1063;palavra
1064;palavra
1065;palavra
1066;palavra
1067;palavra
1068;palavra
1069;palavra
1070;palavra
1071;palavra
1072;palavra
1073;palavra
1074;palavra
1075;palavra
1076;palavra
1077;palavra
1078;palavra
1079;palavra
1080;palavra
1081;palavra
1082;palavra
1083;palavra
1084;palavra
1085;palavra
1086;palavra
1087;palavra
1088;palavra
1089;palavra
1090;palavra
1091;palavra
1092;palavra
1093;palavra
1094;palavra
1095;palavra
1096;palavra
1097;palavra
1098;palavra
1099;palavra
1100;palavra
1101;palavra
1102;palavra
1103;palavra
1104;palavra
1105;palavra
1106;palavra
1107;palavra
1108;palavra
1109;palavra
1110;palavra
1111;palavra
1112;palavra
1113;palavra
1114;palavra
1115;palavra
1116;palavra
1117;palavra
1118;palavra
1119;palavra
1120;palavra
1121;palavra
1122;palavra
1123;palavra
1124;palavra
1125;palavra
1126;palavra
1127;palavra
1128;palavra
1129;palavra
1130;palavra
1131;palavra
1132;palavra
1133;palavra
1134;palavra
1135;palavra
1136;palavra
1137;palavra
1138;palavra
1139;palavra
1140;palavra
1141;palavra
1142;palavra
1143;palavra
1144;palavra
1145;palavra
1146;palavra
1147;palavra
1148;palavra
1149;palavra
1150;palavra
1151;palavra
1152;palavra
1153;palavra
1154;palavra
1155;palavra
1156;palavra
1157;palavra
1158;palavra
1159;palavra
1160;palavra
1161;palavra
1162;palavra
1163;palavra
1164;palavra
1165;palavra
1166;palavra
1167;palavra
1168;palavra
1169;palavra
1170;palavra
1171;palavra
1172;palavra
1173;palavra
1174;palavra
1175;palavra
1176;palavra
1177;palavra
1178;palavra
1179;palavra
1180;palavra
1181;palavra
1182;palavra
1183;palavra
1184;palavra
1185;palavra
1186;palavra
1187;palavra
1188;palavra
1189;palavra
1190;palavra
1191;palavra
1192;palavra
1193;palavra
1194;palavra
1195;palavra
1196;palavra
1197;palavra
1198;palavra
1199;palavra
1200;palavra
1201;palavra
1202;palavra
1203;palavra
1204;palavra
1205;palavra
1206;palavra
1207;palavra
1208;palavra
1209;palavra
1210;palavra
1211;palavra
1212;palavra
1213;palavra
1214;palavra
1215;palavra
1216;palavra
1217;palavra
1218;palavra
1219;palavra
1220;palavra
1221;palavra
1222;palavra
1223;palavra
1224;palavra
1225;palavra
1226;palavra
1227;palavra
1228;palavra
1229;palavra
1230;palavra
1231;palavra
1232;palavra
1233;palavra
1234;palavra
1235;palavra
1236;palavra
1237;palavra
1238;palavra
1239;palavra
1240;palavra
1241;palavra
1242;palavra
1243;palavra
1244;palavra
1245;palavra
1246;palavra
1247;palavra
1248;palavra
1249;palavra
1250;palavra
1251;palavra
1252;palavra
1253;palavra
1254;palavra
1255;palavra
1256;palavra
1257;palavra
1258;palavra
1259;palavra
1260;palavra
1261;palavra
1262;palavra
1263;palavra
1264;palavra
1265;palavra
1266;palavra
1267;palavra
1268;palavra
1269;palavra
1270;palavra
1271;palavra
1272;palavra
1273;palavra
1274;palavra
1275;palavra
1276;palavra
1277;palavra
1278;palavra
1279;palavra
1280;palavra
1281;palavra
1282;palavra
1283;palavra
1284;palavra
1285;palavra
1286;palavra
1287;palavra
1288;palavra
1289;palavra
1290;palavra
1291;palavra
1292;palavra
1293;palavra
1294;palavra
1295;palavra
1296;palavra
1297;palavra
1298;palavra
1299;palavra
1300;palavra
1301;palavra
1302;palavra
1303;palavra
1304;palavra
1305;palavra
1306;palavra
1307;palavra
1308;palavra
1309;palavra
1310;palavra
1311;palavra
1312;palavra
1313;palavra
1314;palavra
1315;palavra
1316;palavra
1317;palavra
1318;palavra
1319;palavra
1320;palavra
1321;palavra
1322;palavra
1323;palavra
1324;palavra
1325;palavra
1326;palavra
1327;palavra
1328;palavra
1329;palavra
1330;palavra
1331;palavra
1332;palavra
1333;palavra
1334;palavra
1335;palavra
1336;palavra
1337;palavra
1338;palavra
1339;palavra
1340;palavra
1341;palavra
1342;palavra
1343;palavra
1344;palavra
1345;palavra
1346;palavra
1347;palavra
1348;palavra
1349;palavra
1350;palavra
1351;palavra
1352;palavra
1353;palavra
1354;palavra
1355;palavra
1356;palavra
1357;palavra
1358;palavra
1359;palavra
1360;palavra
1361;palavra
1362;palavra
1363;palavra
1364;palavra
1365;palavra
1366;palavra
1367;palavra
1368;palavra
1369;palavra
1370;palavra
1371;palavra
1372;palavra
1373;palavra
1374;palavra
1375;palavra
1376;palavra
1377;palavra
1378;palavra
1379;palavra
1380;palavra
1381;palavra
1382;palavra
1383;palavra
1384;palavra
1385;palavra
1386;palavra
1387;palavra
1388;palavra
1389;palavra
1390;palavra
1391;palavra
1392;palavra
1393;palavra
1394;palavra
1395;palavra
1396;palavra
1397;palavra
1398;palavra
1399;palavra
1400;palavra
1401;palavra
1402;palavra
1403;palavra
1404;palavra
1405;palavra
1406;palavra
1407;palavra
1408;palavra
1409;palavra
1410;palavra
1411;palavra
1412;palavra
1413;palavra
1414;palavra
1415;palavra
1416;palavra
1417;palavra
1418;palavra
1419;palavra
1420;palavra
1421;palavra
1422;palavra
1423;palavra
1424;palavra
1425;palavra
1426;palavra
1427;palavra
1428;palavra
1429;palavra
1430;palavra
1431;palavra
1432;palavra
1433;palavra
1434;palavra
1435;palavra
1436;palavra
1437;palavra
1438;palavra
1439;palavra
1440;palavra
1441;palavra
1442;palavra
1443;palavra
1444;palavra
1445;palavra
1446;palavra
1447;palavra
1448;palavra
1449;palavra
1450;palavra
1451;palavra
1452;palavra
1453;palavra
1454;palavra
1455;palavra
1456;palavra
1457;palavra
1458;palavra
1459;palavra
1460;palavra
1461;palavra
1462;palavra
1463;palavra
1464;palavra
1465;palavra
1466;palavra
1467;palavra
1468;palavra
1469;palavra
1470;palavra
1471;palavra
1472;palavra
1473;palavra
1474;palavra
1475;palavra
1476;palavra
1477;palavra
1478;palavra
1479;palavra
1480;palavra
1481;palavra
1482;palavra
1483;palavra
1484;palavra
1485;palavra
1486;palavra
1487;palavra
1488;palavra
1489;palavra
1490;palavra
1491;palavra
1492;palavra
1493;palavra
1494;palavra
1495;palavra
1496;palavra
1497;palavra
1498;palavra
1499;palavra
1500;palavra
1501;palavra
1502;palavra
1503;palavra
1504;palavra
1505;palavra
1506;palavra
1507;palavra
1508;palavra
1509;palavra
1510;palavra
1511;palavra
1512;palavra
1513;palavra
1514;palavra
1515;palavra
1516;palavra
1517;palavra
1518;palavra
1519;palavra
1520;palavra
1521;palavra
1522;palavra
1523;palavra
1524;palavra
1525;palavra
1526;palavra
1527;palavra
1528;palavra
1529;palavra
1530;palavra
1531;palavra
1532;palavra
1533;palavra
1534;palavra
1535;palavra
1536;palavra
1537;palavra
1538;palavra
1539;palavra
1540;palavra
1541;palavra
1542;palavra
1543;palavra
1544;palavra
1545;palavra
1546;palavra
1547;palavra
1548;palavra
1549;palavra
1550;palavra
1551;palavra
1552;palavra
1553;palavra
1554;palavra
1555;palavra
1556;palavra
1557;palavra
1558;palavra
1559;palavra
1560;palavra
1561;palavra
1562;palavra
1563;palavra
1564;palavra
1565;palavra
1566;palavra
1567;palavra
1568;palavra
1569;palavra
1570;palavra
1571;palavra
1572;palavra
1573;palavra
1574;palavra
1575;palavra
1576;palavra
1577;palavra
1578;palavra
1579;palavra
1580;palavra
1581;palavra
1582;palavra
1583;palavra
1584;palavra
1585;palavra
1586;palavra
1587;palavra
1588;palavra
1589;palavra
1590;palavra
1591;palavra
1592;palavra
1593;palavra
1594;palavra
1595;palavra
1596;palavra
1597;palavra
1598;palavra
1599;palavra
1600;palavra
1601;palavra
1602;palavra
1603;palavra
1604;palavra
1605;palavra
1606;palavra
1607;palavra
1608;palavra
1609;palavra
1610;palavra
1611;palavra
1612;palavra
1613;palavra
1614;palavra
1615;palavra
1616;palavra
1617;palavra
1618;palavra
1619;palavra
1620;palavra
1621;palavra
1622;palavra
1623;palavra
1624;palavra
1625;palavra
1626;palavra
1627;palavra
1628;palavra
1629;palavra
1630;palavra
1631;palavra
1632;palavra
1633;palavra
1634;palavra
1635;palavra
1636;palavra
1637;palavra
1638;palavra
1639;palavra
1640;palavra
1641;palavra
1642;palavra
1643;palavra
1644;palavra
1645;palavra
1646;palavra
1647;palavra
1648;palavra
1649;palavra
1650;palavra
1651;palavra
1652;palavra
1653;palavra
1654;palavra
1655;palavra
1656;palavra
1657;palavra
1658;palavra
1659;palavra
1660;palavra
1661;palavra
1662;palavra
1663;palavra
1664;palavra
1665;palavra
1666;palavra
1667;palavra
1668;palavra
1669;palavra
1670;palavra
1671;palavra
1672;palavra
1673;palavra
1674;palavra
1675;palavra
1676;palavra
1677;palavra
1678;palavra
1679;palavra
1680;palavra
1681;palavra
1682;palavra
1683;palavra
1684;palavra
1685;palavra
1686;palavra
1687;palavra
1688;palavra
1689;palavra
1690;palavra
1691;palavra
1692;palavra
1693;palavra
1694;palavra
1695;palavra
1696;palavra
1697;palavra
1698;palavra
1699;palavra
1700;palavra
1701;palavra
1702;palavra
1703;palavra
1704;palavra
1705;palavra
1706;palavra
1707;palavra
1708;palavra
1709;palavra
1710;palavra
1711;palavra
1712;palavra
1713;palavra
1714;palavra
1715;palavra
1716;palavra
1717;palavra
1718;palavra
1719;palavra
1720;palavra
1721;palavra
1722;palavra
1723;palavra
1724;palavra
1725;palavra
1726;palavra
1727;palavra
1728;palavra
1729;palavra
1730;palavra
1731;palavra
1732;palavra
1733;palavra
1734;palavra
1735;palavra
1736;palavra
1737;palavra
1738;palavra
1739;palavra
1740;palavra
1741;palavra
1742;palavra
1743;palavra
1744;palavra
1745;palavra
1746;palavra
1747;palavra
1748;palavra
1749;palavra
1750;palavra
1751;palavra
1752;palavra
1753;palavra
1754;palavra
1755;palavra
1756;palavra
1757;palavra
1758;palavra
1759;palavra
1760;palavra
1761;palavra
1762;palavra
1763;palavra
1764;palavra
1765;palavra
1766;palavra
1767;palavra
1768;palavra
1769;palavra
1770;palavra
1771;palavra
1772;palavra
1773;palavra
1774;palavra
1775;palavra
1776;palavra
1777;palavra
1778;palavra
1779;palavra
1780;palavra
1781;palavra
1782;palavra
1783;palavra
1784;palavra
1785;palavra
1786;palavra
1787;palavra
1788;palavra
1789;palavra
1790;palavra
1791;palavra
1792;palavra
1793;palavra
1794;palavra
1795;palavra
1796;palavra
1797;palavra
1798;palavra
1799;palavra
1800;palavra
1801;palavra
1802;palavra
1803;palavra
1804;palavra
1805;palavra
1806;palavra
1807;palavra
1808;palavra
1809;palavra
1810;palavra
1811;palavra
1812;palavra
1813;palavra
1814;palavra
1815;palavra
1816;palavra
1817;palavra
1818;palavra
1819;palavra
1820;palavra
1821;palavra
1822;palavra
1823;palavra
1824;palavra
1825;palavra
1826;palavra
1827;palavra
1828;palavra
1829;palavra
1830;palavra
1831;palavra
1832;palavra
1833;palavra
1834;palavra
1835;palavra
1836;palavra
1837;palavra
1838;palavra
1839;palavra
1840;palavra
1841;palavra
1842;palavra
1843;palavra
1844;palavra
1845;palavra
1846;palavra
1847;palavra
1848;palavra
1849;palavra
1850;palavra
1851;palavra
1852;palavra
1853;palavra
1854;palavra
1855;palavra
1856;palavra
1857;palavra
1858;palavra
1859;palavra
1860;palavra
1861;palavra
1862;palavra
1863;palavra
1864;palavra
1865;palavra
1866;palavra
1867;palavra
1868;palavra
1869;palavra
1870;palavra
1871;palavra
1872;palavra
1873;palavra
1874;palavra
1875;palavra
1876;palavra
1877;palavra
1878;palavra
1879;palavra
1880;palavra
1881;palavra
1882;palavra
1883;palavra
1884;palavra
1885;palavra
1886;palavra
1887;palavra
1888;palavra
1889;palavra
1890;palavra
1891;palavra
1892;palavra
1893;palavra
1894;palavra
1895;palavra
1896;palavra
1897;palavra
1898;palavra
1899;palavra
1900;palavra
1901;palavra
1902;palavra
1903;palavra
1904;palavra
1905;palavra
1906;palavra
1907;palavra
1908;palavra
1909;palavra
1910;palavra
1911;palavra
1912;palavra
1913;palavra
1914;palavra
1915;palavra
1916;palavra
1917;palavra
1918;palavra
1919;palavra
1920;palavra
1921;palavra
1922;palavra
1923;palavra
1924;palavra
1925;palavra
1926;palavra
1927;palavra
1928;palavra
1929;palavra
1930;palavra
1931;palavra
1932;palavra
1933;palavra
1934;palavra
1935;palavra
1936;palavra
1937;palavra
1938;palavra
1939;palavra
1940;palavra
1941;palavra
1942;palavra
1943;palavra
1944;palavra
1945;palavra
1946;palavra
1947;palavra
1948;palavra
1949;palavra
1950;palavra
1951;palavra
1952;palavra
1953;palavra
1954;palavra
1955;palavra
1956;palavra
1957;palavra
1958;palavra
1959;palavra
1960;palavra
1961;palavra
1962;palavra
1963;palavra
1964;palavra
1965;palavra
1966;palavra
1967;palavra
1968;palavra
1969;palavra
1970;palavra
1971;palavra
1972;palavra
1973;palavra
1974;palavra
1975;palavra
1976;palavra
1977;palavra
1978;palavra
1979;palavra
1980;palavra
1981;palavra
1982;palavra
1983;palavra
1984;palavra
1985;palavra
1986;palavra
1987;palavra
1988;palavra
1989;palavra
1990;palavra
1991;palavra
1992;palavra
1993;palavra
1994;palavra
1995;palavra
1996;palavra
1997;palavra
1998;palavra
1999;palavra
2000;palavra
2001;palavra
2002;palavra
2003;palavra
2004;palavra
2005;palavra
2006;palavra
2007;palavra
2008;palavra
2009;palavra
2010;palavra
2011;palavra
2012;palavra
2013;palavra
2014;palavra
2015;palavra
2016;palavra
2017;palavra
2018;palavra
2019;palavra
2020;palavra
2021;palavra
2022;palavra
2023;palavra
2024;palavra
2025;palavra
2026;palavra
2027;palavra
2028;palavra
2029;palavra
2030;palavra
2031;palavra
2032;palavra
2033;palavra
2034;palavra
2035;palavra
2036;palavra
2037;palavra
2038;palavra
2039;palavra
2040;palavra
2041;palavra
2042;palavra
2043;palavra
2044;palavra
2045;palavra
2046;palavra
2047;palavra
2048;palavra
2049;palavra
2050;palavra
2051;palavra
2052;palavra
2053;palavra
2054;palavra
2055;palavra
2056;palavra
2057;palavra
2058;palavra
2059;palavra
2060;palavra
2061;palavra
2062;palavra
2063;palavra
2064;palavra
2065;palavra
2066;palavra
2067;palavra
2068;palavra
2069;palavra
2070;palavra
2071;palavra
2072;palavra
2073;palavra
2074;palavra
2075;palavra
2076;palavra
2077;palavra
2078;palavra
2079;palavra
2080;palavra
2081;palavra
2082;palavra
2083;palavra
2084;palavra
2085;palavra
2086;palavra
2087;palavra
2088;palavra
2089;palavra
2090;palavra
2091;palavra
2092;palavra
2093;palavra
2094;palavra
2095;palavra
2096;palavra
2097;palavra
2098;palavra
2099;palavra
2100;palavra
2101;palavra
2102;palavra
2103;palavra
2104;palavra
2105;palavra
2106;palavra
2107;palavra
2108;palavra
2109;palavra
2110;palavra
2111;palavra
2112;palavra
2113;palavra
2114;palavra
2115;palavra
2116;palavra
2117;palavra
2118;palavra
2119;palavra
2120;palavra
2121;palavra
2122;palavra
2123;palavra
2124;palavra
2125;palavra
2126;palavra
2127;palavra
2128;palavra
2129;palavra
2130;palavra
2131;palavra
2132;palavra
2133;palavra
2134;palavra
2135;palavra
2136;palavra
2137;palavra
2138;palavra
2139;palavra
2140;palavra
2141;palavra
2142;palavra
2143;palavra
2144;palavra
2145;palavra
2146;palavra
2147;palavra
2148;palavra
2149;palavra
2150;palavra
2151;palavra
2152;palavra
2153;palavra
2154;palavra
2155;palavra
2156;palavra
2157;palavra
2158;palavra
2159;palavra
2160;palavra
2161;palavra
2162;palavra
2163;palavra
2164;palavra
2165;palavra
2166;palavra
2167;palavra
2168;palavra
2169;palavra
2170;palavra
2171;palavra
2172;palavra
2173;palavra
2174;palavra
2175;palavra
2176;palavra
2177;palavra
2178;palavra
2179;palavra
2180;palavra
2181;palavra
2182;palavra
2183;palavra
2184;palavra
2185;palavra
2186;palavra
2187;palavra
2188;palavra
2189;palavra
2190;palavra
2191;palavra
2192;palavra
2193;palavra
2194;palavra
2195;palavra
2196;palavra
2197;palavra
2198;palavra
2199;palavra
2200;palavra
2201;palavra
2202;palavra
2203;palavra
2204;palavra
2205;palavra
2206;palavra
2207;palavra
2208;palavra
2209;palavra
2210;palavra
2211;palavra
2212;palavra
2213;palavra
2214;palavra
2215;palavra
2216;palavra
2217;palavra
2218;palavra
2219;palavra
2220;palavra
2221;palavra
2222;palavra
2223;palavra
2224;palavra
2225;palavra
2226;palavra
2227;palavra
2228;palavra
2229;palavra
2230;palavra
2231;palavra
2232;palavra
2233;palavra
2234;palavra
2235;palavra
2236;palavra
2237;palavra
2238;palavra
2239;palavra
2240;palavra
2241;palavra
2242;palavra
2243;palavra
2244;palavra
2245;palavra
2246;palavra
2247;palavra
2248;palavra
2249;palavra
2250;palavra
2251;palavra
2252;palavra
2253;palavra
2254;palavra
2255;palavra
2256;palavra
2257;palavra
2258;palavra
2259;palavra
2260;palavra
2261;palavra
2262;palavra
2263;palavra
2264;palavra
2265;palavra
2266;palavra
2267;palavra
2268;palavra
2269;palavra
2270;palavra
2271;palavra
2272;palavra
2273;palavra
2274;palavra
2275;palavra
2276;palavra
2277;palavra
2278;palavra
2279;palavra
2280;palavra
2281;palavra
2282;palavra
2283;palavra
2284;palavra
2285;palavra
2286;palavra
2287;palavra
2288;palavra
2289;palavra
2290;palavra
2291;palavra
2292;palavra
2293;palavra
2294;palavra
2295;palavra
2296;palavra
2297;palavra
2298;palavra
2299;palavra
2300;palavra
2301;palavra
2302;palavra
2303;palavra
2304;palavra
2305;palavra
2306;palavra
2307;palavra
2308;palavra
2309;palavra
2310;palavra
2311;palavra
2312;palavra
2313;palavra
2314;palavra
2315;palavra
2316;palavra
2317;palavra
2318;palavra
2319;palavra
2320;palavra
2321;palavra
2322;palavra
2323;palavra
2324;palavra
2325;palavra
2326;palavra
2327;palavra
2328;palavra
2329;palavra
2330;palavra
2331;palavra
2332;palavra
2333;palavra
2334;palavra
2335;palavra
2336;palavra
2337;palavra
2338;palavra
2339;palavra
2340;palavra
2341;palavra
2342;palavra
2343;palavra
2344;palavra
2345;palavra
2346;palavra
2347;palavra
2348;palavra
2349;palavra
2350;palavra
2351;palavra
2352;palavra
2353;palavra
2354;palavra
2355;palavra
2356;palavra
2357;palavra
2358;palavra
2359;palavra
2360;palavra
2361;palavra
2362;palavra
2363;palavra
2364;palavra
2365;palavra
2366;palavra
2367;palavra
2368;palavra
2369;palavra
2370;palavra
2371;palavra
2372;palavra
2373;palavra
2374;palavra
2375;palavra
2376;palavra
2377;palavra
2378;palavra
2379;palavra
2380;palavra
2381;palavra
2382;palavra
2383;palavra
2384;palavra
2385;palavra
2386;palavra
2387;palavra
2388;palavra
2389;palavra
2390;palavra
2391;palavra
2392;palavra
2393;palavra
2394;palavra
2395;palavra
2396;palavra
2397;palavra
2398;palavra
2399;palavra
2400;palavra
2401;palavra
2402;palavra
2403;palavra
2404;palavra
2405;palavra
2406;palavra
2407;palavra
2408;palavra
2409;palavra
2410;palavra
2411;palavra
2412;palavra
2413;palavra
2414;palavra
2415;palavra
2416;palavra
2417;palavra
2418;palavra
2419;palavra
2420;palavra
2421;palavra
2422;palavra
2423;palavra
2424;palavra
2425;palavra
2426;palavra
2427;palavra
2428;palavra
2429;palavra
2430;palavra
2431;palavra
2432;palavra
2433;palavra
2434;palavra
2435;palavra
2436;palavra
2437;palavra
2438;palavra
2439;palavra
2440;palavra
2441;palavra
2442;palavra
2443;palavra
2444;palavra
2445;palavra
2446;palavra
2447;palavra
2448;palavra
2449;palavra
2450;palavra
2451;palavra
2452;palavra
2453;palavra
2454;palavra
2455;palavra
2456;palavra
2457;palavra
2458;palavra
2459;palavra
2460;palavra
2461;palavra
2462;palavra
2463;palavra
2464;palavra
2465;palavra
2466;palavra
2467;palavra
2468;palavra
2469;palavra
2470;palavra
2471;palavra
2472;palavra
2473;palavra
2474;palavra
2475;palavra
2476;palavra
2477;palavra
2478;palavra
2479;palavra
2480;palavra
2481;palavra
2482;palavra
2483;palavra
2484;palavra
2485;palavra
2486;palavra
2487;palavra
2488;palavra
2489;palavra
2490;palavra
2491;palavra
2492;palavra
2493;palavra
2494;palavra
2495;palavra
2496;palavra
2497;palavra
2498;palavra
2499;palavra
2500;palavra
2501;palavra
2502;palavra
2503;palavra
2504;palavra
2505;palavra
2506;palavra
2507;palavra
2508;palavra
2509;palavra
2510;palavra
2511;palavra
2512;palavra
2513;palavra
2514;palavra
2515;palavra
2516;palavra
2517;palavra
2518;palavra
2519;palavra
2520;palavra
2521;palavra
2522;palavra
2523;palavra
2524;palavra
2525;palavra
2526;palavra
2527;palavra
2528;palavra
2529;palavra
2530;palavra
2531;palavra
2532;palavra
2533;palavra
2534;palavra
2535;palavra
2536;palavra
2537;palavra
2538;palavra
2539;palavra
2540;palavra
2541;palavra
2542;palavra
2543;palavra
2544;palavra
2545;palavra
2546;palavra
2547;palavra
2548;palavra
2549;palavra
2550;palavra
2551;palavra
2552;palavra
2553;palavra
2554;palavra
2555;palavra
2556;palavra
2557;palavra
2558;palavra
2559;palavra
2560;palavra
2561;palavra
2562;palavra
2563;palavra
2564;palavra
2565;palavra
2566;palavra
2567;palavra
2568;palavra
2569;palavra
2570;palavra
2571;palavra
2572;palavra
2573;palavra
2574;palavra
2575;palavra
2576;palavra
2577;palavra
2578;palavra
2579;palavra
2580;palavra
2581;palavra
2582;palavra
2583;palavra
2584;palavra
2585;palavra
2586;palavra
2587;palavra
2588;palavra
2589;palavra
2590;palavra
2591;palavra
2592;palavra
2593;palavra
2594;palavra
2595;palavra
2596;palavra
2597;palavra
2598;palavra
2599;palavra
2600;palavra
2601;palavra
2602;palavra
2603;palavra
2604;palavra
2605;palavra
2606;palavra
2607;palavra
2608;palavra
2609;palavra
2610;palavra
2611;palavra
2612;palavra
2613;palavra
2614;palavra
2615;palavra
2616;palavra
2617;palavra
2618;palavra
2619;palavra
2620;palavra
2621;palavra
2622;palavra
2623;palavra
2624;palavra
2625;palavra
2626;palavra
2627;palavra
2628;palavra
2629;palavra
2630;palavra
2631;palavra
2632;palavra
2633;palavra
2634;palavra
2635;palavra
2636;palavra
2637;palavra
2638;palavra
2639;palavra
2640;palavra
2641;palavra
2642;palavra
2643;palavra
2644;palavra
2645;palavra
2646;palavra
2647;palavra
2648;palavra
2649;palavra
2650;palavra
2651;palavra
2652;palavra
2653;palavra
2654;palavra
2655;palavra
2656;palavra
2657;palavra
2658;palavra
2659;palavra
2660;palavra
2661;palavra
2662;palavra
2663;palavra
2664;palavra
2665;palavra
2666;palavra
2667;palavra
2668;palavra
2669;palavra
2670;palavra
2671;palavra
2672;palavra
2673;palavra
2674;palavra
2675;palavra
2676;palavra
2677;palavra
2678;palavra
2679;palavra
2680;palavra
2681;palavra
2682;palavra
2683;palavra
2684;palavra
2685;palavra
2686;palavra
2687;palavra
2688;palavra
2689;palavra
2690;palavra
2691;palavra
2692;palavra
2693;palavra
2694;palavra
2695;palavra
2696;palavra
2697;palavra
2698;palavra
2699;palavra
2700;palavra
2701;palavra
2702;palavra
2703;palavra
2704;palavra
2705;palavra
2706;palavra
2707;palavra
2708;palavra
2709;palavra
2710;palavra
2711;palavra
2712;palavra
2713;palavra
2714;palavra
2715;palavra
2716;palavra
2717;palavra
2718;palavra
2719;palavra
2720;palavra
2721;palavra
2722;palavra
2723;palavra
2724;palavra
2725;palavra
2726;palavra
2727;palavra
2728;palavra
2729;palavra
2730;palavra
2731;palavra
2732;palavra
2733;palavra
2734;palavra
2735;palavra
2736;palavra
2737;palavra
2738;palavra
2739;palavra
2740;palavra
2741;palavra
2742;palavra
2743;palavra
2744;palavra
2745;palavra
2746;palavra
2747;palavra
2748;palavra
2749;palavra
2750;palavra
2751;palavra
2752;palavra
2753;palavra
2754;palavra
2755;palavra
2756;palavra
2757;palavra
2758;palavra
2759;palavra
2760;palavra
2761;palavra
2762;palavra
2763;palavra
2764;palavra
2765;palavra
2766;palavra
2767;palavra
2768;palavra
2769;palavra
2770;palavra
2771;palavra
2772;palavra
2773;palavra
2774;palavra
2775;palavra
2776;palavra
2777;palavra
2778;palavra
2779;palavra
2780;palavra
2781;palavra
2782;palavra
2783;palavra
2784;palavra
2785;palavra
2786;palavra
2787;palavra
2788;palavra
2789;palavra
2790;palavra
2791;palavra
2792;palavra
2793;palavra
2794;palavra
2795;palavra
2796;palavra
2797;palavra
2798;palavra
2799;palavra
2800;palavra
2801;palavra
2802;palavra
2803;palavra
2804;palavra
2805;palavra
2806;palavra
2807;palavra
2808;palavra
2809;palavra
2810;palavra
2811;palavra
2812;palavra
2813;palavra
2814;palavra
2815;palavra
2816;palavra
2817;palavra
2818;palavra
2819;palavra
2820;palavra
2821;palavra
2822;palavra
2823;palavra
2824;palavra
2825;palavra
2826;palavra
2827;palavra
2828;palavra
2829;palavra
2830;palavra
2831;palavra
2832;palavra
2833;palavra
2834;palavra
2835;palavra
2836;palavra
2837;palavra
2838;palavra
2839;palavra
2840;palavra
2841;palavra
2842;palavra
2843;palavra
2844;palavra
2845;palavra
2846;palavra
2847;palavra
2848;palavra
2849;palavra
2850;palavra
2851;palavra
2852;palavra
2853;palavra
2854;palavra
2855;palavra
2856;palavra
2857;palavra
2858;palavra
2859;palavra
2860;palavra
2861;palavra
2862;palavra
2863;palavra
2864;palavra
2865;palavra
2866;palavra
2867;palavra
2868;palavra
2869;palavra
2870;palavra
2871;palavra
2872;palavra
2873;palavra
2874;palavra
2875;palavra
2876;palavra
2877;palavra
2878;palavra
2879;palavra
2880;palavra
2881;palavra
2882;palavra
2883;palavra
2884;palavra
2885;palavra
2886;palavra
2887;palavra
2888;palavra
2889;palavra
2890;palavra
2891;palavra
2892;palavra
2893;palavra
2894;palavra
2895;palavra
2896;palavra
2897;palavra
2898;palavra
2899;palavra
2900;palavra
2901;palavra
2902;palavra
2903;palavra
2904;palavra
2905;palavra
2906;palavra
2907;palavra
2908;palavra
2909;palavra
2910;palavra
2911;palavra
2912;palavra
2913;palavra
2914;palavra
2915;palavra
2916;palavra
2917;palavra
2918;palavra
2919;palavra
2920;palavra
2921;palavra
2922;palavra
2923;palavra
2924;palavra
2925;palavra
2926;palavra
2927;palavra
2928;palavra
2929;palavra
2930;palavra
2931;palavra
2932;palavra
2933;palavra
2934;palavra
2935;palavra
2936;palavra
2937;palavra
2938;palavra
2939;palavra
2940;palavra
2941;palavra
2942;palavra
2943;palavra
2944;palavra
2945;palavra
2946;palavra
2947;palavra
2948;palavra
2949;palavra
2950;palavra
2951;palavra
2952;palavra
2953;palavra
2954;palavra
2955;palavra
2956;palavra
2957;palavra
2958;palavra
2959;palavra
2960;palavra
2961;palavra
2962;palavra
2963;palavra
2964;palavra
2965;palavra
2966;palavra
2967;palavra
2968;palavra
2969;palavra
2970;palavra
2971;palavra
2972;palavra
2973;palavra
2974;palavra
2975;palavra
2976;palavra
2977;palavra
2978;palavra
2979;palavra
2980;palavra
2981;palavra
2982;palavra
2983;palavra
2984;palavra
2985;palavra
2986;palavra
2987;palavra
2988;palavra
2989;palavra
2990;palavra
2991;palavra
2992;palavra
2993;palavra
2994;palavra
2995;palavra
2996;palavra
2997;palavra
2998;palavra
2999;palavra
3000;palavra
3001;palavra
3002;palavra
3003;palavra
3004;palavra
3005;palavra
3006;palavra
3007;palavra
3008;palavra
3009;palavra
3010;palavra
3011;palavra
3012;palavra
3013;palavra
3014;palavra
3015;palavra
3016;palavra
3017;palavra
3018;palavra
3019;palavra
3020;palavra
3021;palavra
3022;palavra
3023;palavra
3024;palavra
3025;palavra
3026;palavra
3027;palavra
3028;palavra
3029;palavra
3030;palavra
3031;palavra
3032;palavra
3033;palavra
3034;palavra
3035;palavra
3036;palavra
3037;palavra
3038;palavra
3039;palavra
3040;palavra
3041;palavra
3042;palavra
3043;palavra
3044;palavra
3045;palavra
3046;palavra
3047;palavra
3048;palavra
3049;palavra
3050;palavra
3051;palavra
3052;palavra
3053;palavra
3054;palavra
3055;palavra
3056;palavra
3057;palavra
3058;palavra
3059;palavra
3060;palavra
3061;palavra
3062;palavra
3063;palavra
3064;palavra
3065;palavra
3066;palavra
3067;palavra
3068;palavra
3069;palavra
3070;palavra
3071;palavra
3072;palavra
3073;palavra
3074;palavra
3075;palavra
3076;palavra
3077;palavra
3078;palavra
3079;palavra
3080;palavra
3081;palavra
3082;palavra
3083;palavra
3084;palavra
3085;palavra
3086;palavra
3087;palavra
3088;palavra
3089;palavra
3090;palavra
3091;palavra
3092;palavra
3093;palavra
3094;palavra
3095;palavra
3096;palavra
3097;palavra
3098;palavra
3099;palavra
3100;palavra
3101;palavra
3102;palavra
3103;palavra
3104;palavra
3105;palavra
3106;palavra
3107;palavra
3108;palavra
3109;palavra
3110;palavra
3111;palavra
3112;palavra
3113;palavra
3114;palavra
3115;palavra
3116;palavra
3117;palavra
3118;palavra
3119;palavra
3120;palavra
3121;palavra
3122;palavra
3123;palavra
3124;palavra
3125;palavra
3126;palavra
3127;palavra
3128;palavra
3129;palavra
3130;palavra
3131;palavra
3132;palavra
3133;palavra
3134;palavra
3135;palavra
3136;palavra
3137;palavra
3138;palavra
3139;palavra
3140;palavra
3141;palavra
3142;palavra
3143;palavra
3144;palavra
3145;palavra
3146;palavra
3147;palavra
3148;palavra
3149;palavra
3150;palavra
3151;palavra
3152;palavra
3153;palavra
3154;palavra
3155;palavra
3156;palavra
3157;palavra
3158;palavra
3159;palavra
3160;palavra
3161;palavra
3162;palavra
3163;palavra
3164;palavra
3165;palavra
3166;palavra
3167;palavra
3168;palavra
3169;palavra
3170;palavra
3171;palavra
3172;palavra
3173;palavra
3174;palavra
3175;palavra
3176;palavra
3177;palavra
3178;palavra
3179;palavra
3180;palavra
3181;palavra
3182;palavra
3183;palavra
3184;palavra
3185;palavra
3186;palavra
3187;palavra
3188;palavra
3189;palavra
3190;palavra
3191;palavra
3192;palavra
3193;palavra
3194;palavra
3195;palavra
3196;palavra
3197;palavra
3198;palavra
3199;palavra
3200;palavra
3201;palavra
3202;palavra
3203;palavra
3204;palavra
3205;palavra
3206;palavra
3207;palavra
3208;palavra
3209;palavra
3210;palavra
3211;palavra
3212;palavra
3213;palavra
3214;palavra
3215;palavra
3216;palavra
3217;palavra
3218;palavra
3219;palavra
3220;palavra
3221;palavra
3222;palavra
3223;palavra
3224;palavra
3225;palavra
3226;palavra
3227;palavra
3228;palavra
3229;palavra
3230;palavra
3231;palavra
3232;palavra
3233;palavra
3234;palavra
3235;palavra
3236;palavra
3237;palavra
3238;palavra
3239;palavra
3240;palavra
3241;palavra
3242;palavra
3243;palavra
3244;palavra
3245;palavra
3246;palavra
3247;palavra
3248;palavra
3249;palavra
3250;palavra
3251;palavra
3252;palavra
3253;palavra
3254;palavra
3255;palavra
3256;palavra
3257;palavra
3258;palavra
3259;palavra
3260;palavra
3261;palavra
3262;palavra
3263;palavra
3264;palavra
3265;palavra
3266;palavra
3267;palavra
3268;palavra
3269;palavra
3270;palavra
3271;palavra
3272;palavra
3273;palavra
3274;palavra
3275;palavra
3276;palavra
3277;palavra
3278;palavra
3279;palavra
3280;palavra
3281;palavra
3282;palavra
3283;palavra
3284;palavra
3285;palavra
3286;palavra
3287;palavra
3288;palavra
3289;palavra
3290;palavra
3291;palavra
3292;palavra
3293;palavra
3294;palavra
3295;palavra
3296;palavra
3297;palavra
3298;palavra
3299;palavra
3300;palavra
3301;palavra
3302;palavra
3303;palavra
3304;palavra
3305;palavra
3306;palavra
3307;palavra
3308;palavra
3309;palavra
3310;palavra
3311;palavra
3312;palavra
3313;palavra
3314;palavra
3315;palavra
3316;palavra
3317;palavra
3318;palavra
3319;palavra
3320;palavra
3321;palavra
3322;palavra
3323;palavra
3324;palavra
3325;palavra
3326;palavra
3327;palavra
3328;palavra
3329;palavra
3330;palavra
3331;palavra
3332;palavra
3333;palavra
3334;palavra
3335;palavra
3336;palavra
3337;palavra
3338;palavra
3339;palavra
3340;palavra
3341;palavra
3342;palavra
3343;palavra
3344;palavra
3345;palavra
3346;palavra
3347;palavra
3348;palavra
3349;palavra
3350;palavra
3351;palavra
3352;palavra
3353;palavra
3354;palavra
3355;palavra
3356;palavra
3357;palavra
3358;palavra
3359;palavra
3360;palavra
3361;palavra
3362;palavra
3363;palavra
3364;palavra
3365;palavra
3366;palavra
3367;palavra
3368;palavra
3369;palavra
3370;palavra
3371;palavra
3372;palavra
3373;palavra
3374;palavra
3375;palavra
3376;palavra
3377;palavra
3378;palavra
3379;palavra
3380;palavra
3381;palavra
3382;palavra
3383;palavra
3384;palavra
3385;palavra
3386;palavra
3387;palavra
3388;palavra
3389;palavra
3390;palavra
3391;palavra
3392;palavra
3393;palavra
3394;palavra
3395;palavra
3396;palavra
3397;palavra
3398;palavra
3399;palavra
3400;palavra
3401;palavra
3402;palavra
3403;palavra
3404;palavra
3405;palavra
3406;palavra
3407;palavra
3408;palavra
3409;palavra
3410;palavra
3411;palavra
3412;palavra
3413;palavra
3414;palavra
3415;palavra
3416;palavra
3417;palavra
3418;palavra
3419;palavra
3420;palavra
3421;palavra
3422;palavra
3423;palavra
3424;palavra
3425;palavra
3426;palavra
3427;palavra
3428;palavra
3429;palavra
3430;palavra
3431;palavra
3432;palavra
3433;palavra
3434;palavra
3435;palavra
3436;palavra
3437;palavra
3438;palavra
3439;palavra
3440;palavra
3441;palavra
3442;palavra
3443;palavra
3444;palavra
3445;palavra
3446;palavra
3447;palavra
3448;palavra
3449;palavra
3450;palavra
3451;palavra
3452;palavra
3453;palavra
3454;palavra
3455;palavra
3456;palavra
3457;palavra
3458;palavra
3459;palavra
3460;palavra
3461;palavra
3462;palavra
3463;palavra
3464;palavra
3465;palavra
3466;palavra
3467;palavra
3468;palavra
3469;palavra
3470;palavra
3471;palavra
3472;palavra
3473;palavra
3474;palavra
3475;palavra
3476;palavra
3477;palavra
3478;palavra
3479;palavra
3480;palavra
3481;palavra
3482;palavra
3483;palavra
3484;palavra
3485;palavra
3486;palavra
3487;palavra
3488;palavra
3489;palavra
3490;palavra
3491;palavra
3492;palavra
3493;palavra
3494;palavra
3495;palavra
3496;palavra
3497;palavra
3498;palavra
3499;palavra
3500;palavra
3501;palavra
3502;palavra
3503;palavra
3504;palavra
3505;palavra
3506;palavra
3507;palavra
3508;palavra
3509;palavra
3510;palavra
3511;palavra
3512;palavra
3513;palavra
3514;palavra
3515;palavra
3516;palavra
3517;palavra
3518;palavra
3519;palavra
3520;palavra
3521;palavra
3522;palavra
3523;palavra
3524;palavra
3525;palavra
3526;palavra
3527;palavra
3528;palavra
3529;palavra
3530;palavra
3531;palavra
3532;palavra
3533;palavra
3534;palavra
3535;palavra
3536;palavra
3537;palavra
3538;palavra
3539;palavra
3540;palavra
3541;palavra
3542;palavra
3543;palavra
3544;palavra
3545;palavra
3546;palavra
3547;palavra
3548;palavra
3549;palavra
3550;palavra
3551;palavra
3552;palavra
3553;palavra
3554;palavra
3555;palavra
3556;palavra
3557;palavra
3558;palavra
3559;palavra
3560;palavra
3561;palavra
3562;palavra
3563;palavra
3564;palavra
3565;palavra
3566;palavra
3567;palavra
3568;palavra
3569;palavra
3570;palavra
3571;palavra
3572;palavra
3573;palavra
3574;palavra
3575;palavra
3576;palavra
3577;palavra
3578;palavra
3579;palavra
3580;palavra
3581;palavra
3582;palavra
3583;palavra
3584;palavra
3585;palavra
3586;palavra
3587;palavra
3588;palavra
3589;palavra
3590;palavra
3591;palavra
3592;palavra
3593;palavra
3594;palavra
3595;palavra
3596;palavra
3597;palavra
3598;palavra
3599;palavra
3600;palavra
3601;palavra
3602;palavra
3603;palavra
3604;palavra
3605;palavra
3606;palavra
3607;palavra
3608;palavra
3609;palavra
3610;palavra
3611;palavra
3612;palavra
3613;palavra
3614;palavra
3615;palavra
3616;palavra
3617;palavra
3618;palavra
3619;palavra
3620;palavra
3621;palavra
3622;palavra
3623;palavra
3624;palavra
3625;palavra
3626;palavra
3627;palavra
3628;palavra
3629;palavra
3630;palavra
3631;palavra
3632;palavra
3633;palavra
3634;palavra
3635;palavra
3636;palavra
3637;palavra
3638;palavra
3639;palavra
3640;palavra
3641;palavra
3642;palavra
3643;palavra
3644;palavra
3645;palavra
3646;palavra
3647;palavra
3648;palavra
3649;palavra
3650;palavra
3651;palavra
3652;palavra
3653;palavra
3654;palavra
3655;palavra
3656;palavra
3657;palavra
3658;palavra
3659;palavra
3660;palavra
3661;palavra
3662;palavra
3663;palavra
3664;palavra
3665;palavra
3666;palavra
3667;palavra
3668;palavra
3669;palavra
3670;palavra
3671;palavra
3672;palavra
3673;palavra
3674;palavra
3675;palavra
3676;palavra
3677;palavra
3678;palavra
3679;palavra
3680;palavra
3681;palavra
3682;palavra
3683;palavra
3684;palavra
3685;palavra
3686;palavra
3687;palavra
3688;palavra
3689;palavra
3690;palavra
3691;palavra
3692;palavra
3693;palavra
3694;palavra
3695;palavra
3696;palavra
3697;palavra
3698;palavra
3699;palavra
3700;palavra
3701;palavra
3702;palavra
3703;palavra
3704;palavra
3705;palavra
3706;palavra
3707;palavra
3708;palavra
3709;palavra
3710;palavra
3711;palavra
3712;palavra
3713;palavra
3714;palavra
3715;palavra
3716;palavra
3717;palavra
3718;palavra
3719;palavra
3720;palavra
3721;palavra
3722;palavra
3723;palavra
3724;palavra
3725;palavra
3726;palavra
3727;palavra
3728;palavra
3729;palavra
3730;palavra
3731;palavra
3732;palavra
3733;palavra
3734;palavra
3735;palavra
3736;palavra
3737;palavra
3738;palavra
3739;palavra
3740;palavra
3741;palavra
3742;palavra
3743;palavra
3744;palavra
3745;palavra
3746;palavra
3747;palavra
3748;palavra
3749;palavra
3750;palavra
3751;palavra
3752;palavra
3753;palavra
3754;palavra
3755;palavra
3756;palavra
3757;palavra
3758;palavra
3759;palavra
3760;palavra
3761;palavra
3762;palavra
3763;palavra
3764;palavra
3765;palavra
3766;palavra
3767;palavra
3768;palavra
3769;palavra
3770;palavra
3771;palavra
3772;palavra
3773;palavra
3774;palavra
3775;palavra
3776;palavra
3777;palavra
3778;palavra
3779;palavra
3780;palavra
3781;palavra
3782;palavra
3783;palavra
3784;palavra
3785;palavra
3786;palavra
3787;palavra
3788;palavra
3789;palavra
3790;palavra
3791;palavra
3792;palavra
3793;palavra
3794;palavra
3795;palavra
3796;palavra
3797;palavra
3798;palavra
3799;palavra
3800;palavra
3801;palavra
3802;palavra
3803;palavra
3804;palavra
3805;palavra
3806;palavra
3807;palavra
3808;palavra
3809;palavra
3810;palavra
3811;palavra
3812;palavra
3813;palavra
3814;palavra
3815;palavra
3816;palavra
3817;palavra
3818;palavra
3819;palavra
3820;palavra
3821;palavra
3822;palavra
3823;palavra
3824;palavra
3825;palavra
3826;palavra
3827;palavra
3828;palavra
3829;palavra
3830;palavra
3831;palavra
3832;palavra
3833;palavra
3834;palavra
3835;palavra
3836;palavra
3837;palavra
3838;palavra
3839;palavra
3840;palavra
3841;palavra
3842;palavra
3843;palavra
3844;palavra
3845;palavra
3846;palavra
3847;palavra
3848;palavra
3849;palavra
3850;palavra
3851;palavra
3852;palavra
3853;palavra
3854;palavra
3855;palavra
3856;palavra
3857;palavra
3858;palavra
3859;palavra
3860;palavra
3861;palavra
3862;palavra
3863;palavra
3864;palavra
3865;palavra
3866;palavra
3867;palavra
3868;palavra
3869;palavra
3870;palavra
3871;palavra
3872;palavra
3873;palavra
3874;palavra
3875;palavra
3876;palavra
3877;palavra
3878;palavra
3879;palavra
3880;palavra
3881;palavra
3882;palavra
3883;palavra
3884;palavra
3885;palavra
3886;palavra
3887;palavra
3888;palavra
3889;palavra
3890;palavra
3891;palavra
3892;palavra
3893;palavra
3894;palavra
3895;palavra
3896;palavra
3897;palavra
3898;palavra
3899;palavra
3900;palavra
3901;palavra
3902;palavra
3903;palavra
3904;palavra
3905;palavra
3906;palavra
3907;palavra
3908;palavra
3909;palavra
3910;palavra
3911;palavra
3912;palavra
3913;palavra
3914;palavra
3915;palavra
3916;palavra
3917;palavra
3918;palavra
3919;palavra
3920;palavra
3921;palavra
3922;palavra
3923;palavra
3924;palavra
3925;palavra
3926;palavra
3927;palavra
3928;palavra
3929;palavra
3930;palavra
3931;palavra
3932;palavra
3933;palavra
3934;palavra
3935;palavra
3936;palavra
3937;palavra
3938;palavra
3939;palavra
3940;palavra
3941;palavra
3942;palavra
3943;palavra
3944;palavra
3945;palavra
3946;palavra
3947;palavra
3948;palavra
3949;palavra
3950;palavra
3951;palavra
3952;palavra
3953;palavra
3954;palavra
3955;palavra
3956;palavra
3957;palavra
3958;palavra
3959;palavra
3960;palavra
3961;palavra
3962;palavra
3963;palavra
3964;palavra
3965;palavra
3966;palavra
3967;palavra
3968;palavra
3969;palavra
3970;palavra
3971;palavra
3972;palavra
3973;palavra
3974;palavra
3975;palavra
3976;palavra
3977;palavra
3978;palavra
3979;palavra
3980;palavra
3981;palavra
3982;palavra
3983;palavra
3984;palavra
3985;palavra
3986;palavra
3987;palavra
3988;palavra
3989;palavra
3990;palavra
3991;palavra
3992;palavra
3993;palavra
3994;palavra
3995;palavra
3996;palavra
3997;palavra
3998;palavra
3999;palavra
4000;palavra
4001;palavra
4002;palavra
4003;palavra
4004;palavra
4005;palavra
4006;palavra
4007;palavra
4008;palavra
4009;palavra
4010;palavra
4011;palavra
4012;palavra
4013;palavra
4014;palavra
4015;palavra
4016;palavra
4017;palavra
4018;palavra
4019;palavra
4020;palavra
4021;palavra
4022;palavra
4023;palavra
4024;palavra
4025;palavra
4026;palavra
4027;palavra
4028;palavra
4029;palavra
4030;palavra
4031;palavra
4032;palavra
4033;palavra
4034;palavra
4035;palavra
4036;palavra
4037;palavra
4038;palavra
4039;palavra
4040;palavra
4041;palavra
4042;palavra
4043;palavra
4044;palavra
4045;palavra
4046;palavra
4047;palavra
4048;palavra
4049;palavra
4050;palavra
4051;palavra
4052;palavra
4053;palavra
4054;palavra
4055;palavra
4056;palavra
4057;palavra
4058;palavra
4059;palavra
4060;palavra
4061;palavra
4062;palavra
4063;palavra
4064;palavra
4065;palavra
4066;palavra
4067;palavra
4068;palavra
4069;palavra
4070;palavra
4071;palavra
4072;palavra
4073;palavra
4074;palavra
4075;palavra
4076;palavra
4077;palavra
4078;palavra
4079;palavra
4080;palavra
4081;palavra
4082;palavra
4083;palavra
4084;palavra
4085;palavra
4086;palavra
4087;palavra
4088;palavra
4089;palavra
4090;palavra
4091;palavra
4092;palavra
4093;palavra
4094;palavra
4095;palavra
4096;palavra
4097;palavra
4098;palavra
4099;palavra
4100;palavra
4101;palavra
4102;palavra
4103;palavra
4104;palavra
4105;palavra
4106;palavra
4107;palavra
4108;palavra
4109;palavra
4110;palavra
4111;palavra
4112;palavra
4113;palavra
4114;palavra
4115;palavra
4116;palavra
4117;palavra
4118;palavra
4119;palavra
4120;palavra
4121;palavra
4122;palavra
4123;palavra
4124;palavra
4125;palavra
4126;palavra
4127;palavra
4128;palavra
4129;palavra
4130;palavra
4131;palavra
4132;palavra
4133;palavra
4134;palavra
4135;palavra
4136;palavra
4137;palavra
4138;palavra
4139;palavra
4140;palavra
4141;palavra
4142;palavra
4143;palavra
4144;palavra
4145;palavra
4146;palavra
4147;palavra
4148;palavra
4149;palavra
4150;palavra
4151;palavra
4152;palavra
4153;palavra
4154;palavra
4155;palavra
4156;palavra
4157;palavra
4158;palavra
4159;palavra
4160;palavra
4161;palavra
4162;palavra
4163;palavra
4164;palavra
4165;palavra
4166;palavra
4167;palavra
4168;palavra
4169;palavra
4170;palavra
4171;palavra
4172;palavra
4173;palavra
4174;palavra
4175;palavra
4176;palavra
4177;palavra
4178;palavra
4179;palavra
4180;palavra
4181;palavra
4182;palavra
4183;palavra
4184;palavra
4185;palavra
4186;palavra
4187;palavra
4188;palavra
4189;palavra
4190;palavra
4191;palavra
4192;palavra
4193;palavra
4194;palavra
4195;palavra
4196;palavra
4197;palavra
4198;palavra
4199;palavra
4200;palavra
4201;palavra
4202;palavra
4203;palavra
4204;palavra
4205;palavra
4206;palavra
4207;palavra
4208;palavra
4209;palavra
4210;palavra
4211;palavra
4212;palavra
4213;palavra
4214;palavra
4215;palavra
4216;palavra
4217;palavra
4218;palavra
4219;palavra
4220;palavra
4221;palavra
4222;palavra
4223;palavra
4224;palavra
4225;palavra
4226;palavra
4227;palavra
4228;palavra
4229;palavra
4230;palavra
4231;palavra
4232;palavra
4233;palavra
4234;palavra
4235;palavra
4236;palavra
4237;palavra
4238;palavra
4239;palavra
4240;palavra
4241;palavra
4242;palavra
4243;palavra
4244;palavra
4245;palavra
4246;palavra
4247;palavra
4248;palavra
4249;palavra
4250;palavra
4251;palavra
4252;palavra
4253;palavra
4254;palavra
4255;palavra
4256;palavra
4257;palavra
4258;palavra
4259;palavra
4260;palavra
4261;palavra
4262;palavra
4263;palavra
4264;palavra
4265;palavra
4266;palavra
4267;palavra
4268;palavra
4269;palavra
4270;palavra
4271;palavra
4272;palavra
4273;palavra
4274;palavra
4275;palavra
4276;palavra
4277;palavra
4278;palavra
4279;palavra
4280;palavra
4281;palavra
4282;palavra
4283;palavra
4284;palavra
4285;palavra
4286;palavra
4287;palavra
4288;palavra
4289;palavra
4290;palavra
4291;palavra
4292;palavra
4293;palavra
4294;palavra
4295;palavra
4296;palavra
4297;palavra
4298;palavra
4299;palavra
4300;palavra
4301;palavra
4302;palavra
4303;palavra
4304;palavra
4305;palavra
4306;palavra
4307;palavra
4308;palavra
4309;palavra
4310;palavra
4311;palavra
4312;palavra
4313;palavra
4314;palavra
4315;palavra
4316;palavra
4317;palavra
4318;palavra
4319;palavra
4320;palavra
4321;palavra
4322;palavra
4323;palavra
4324;palavra
4325;palavra
4326;palavra
4327;palavra
4328;palavra
4329;palavra
4330;palavra
4331;palavra
4332;palavra
4333;palavra
4334;palavra
4335;palavra
4336;palavra
4337;palavra
4338;palavra
4339;palavra
4340;palavra
4341;palavra
4342;palavra
4343;palavra
4344;palavra
4345;palavra
4346;palavra
4347;palavra
4348;palavra
4349;palavra
4350;palavra
4351;palavra
4352;palavra
4353;palavra
4354;palavra
4355;palavra
4356;palavra
4357;palavra
4358;palavra
4359;palavra
4360;palavra
4361;palavra
4362;palavra
4363;palavra
4364;palavra
4365;palavra
4366;palavra
4367;palavra
4368;palavra
4369;palavra
4370;palavra
4371;palavra
4372;palavra
4373;palavra
4374;palavra
4375;palavra
4376;palavra
4377;palavra
4378;palavra
4379;palavra
4380;palavra
4381;palavra
4382;palavra
4383;palavra
4384;palavra
4385;palavra
4386;palavra
4387;palavra
4388;palavra
4389;palavra
4390;palavra
4391;palavra
4392;palavra
4393;palavra
4394;palavra
4395;palavra
4396;palavra
4397;palavra
4398;palavra
4399;palavra
4400;palavra
4401;palavra
4402;palavra
4403;palavra
4404;palavra
4405;palavra
4406;palavra
4407;palavra
4408;palavra
4409;palavra
4410;palavra
4411;palavra
4412;palavra
4413;palavra
4414;palavra
4415;palavra
4416;palavra
4417;palavra
4418;palavra
4419;palavra
4420;palavra
4421;palavra
4422;palavra
4423;palavra
4424;palavra
4425;palavra
4426;palavra
4427;palavra
4428;palavra
4429;palavra
4430;palavra
4431;palavra
4432;palavra
4433;palavra
4434;palavra
4435;palavra
4436;palavra
4437;palavra
4438;palavra
4439;palavra
4440;palavra
4441;palavra
4442;palavra
4443;palavra
4444;palavra
4445;palavra
4446;palavra
4447;palavra
4448;palavra
4449;palavra
4450;palavra
4451;palavra
4452;palavra
4453;palavra
4454;palavra
4455;palavra
4456;palavra
4457;palavra
4458;palavra
4459;palavra
4460;palavra
4461;palavra
4462;palavra
4463;palavra
4464;palavra
4465;palavra
4466;palavra
4467;palavra
4468;palavra
4469;palavra
4470;palavra
4471;palavra
4472;palavra
4473;palavra
4474;palavra
4475;palavra
4476;palavra
4477;palavra
4478;palavra
4479;palavra
4480;palavra
4481;palavra
4482;palavra
4483;palavra
4484;palavra
4485;palavra
4486;palavra
4487;palavra
4488;palavra
4489;palavra
4490;palavra
4491;palavra
4492;palavra
4493;palavra
4494;palavra
4495;palavra
4496;palavra
4497;palavra
4498;palavra
4499;palavra
4500;palavra
4501;palavra
4502;palavra
4503;palavra
4504;palavra
4505;palavra
4506;palavra
4507;palavra
4508;palavra
4509;palavra
4510;palavra
4511;palavra
4512;palavra
4513;palavra
4514;palavra
4515;palavra
4516;palavra
4517;palavra
4518;palavra
4519;palavra
4520;palavra
4521;palavra
4522;palavra
4523;palavra
4524;palavra
4525;palavra
4526;palavra
4527;palavra
4528;palavra
4529;palavra
4530;palavra
4531;palavra
4532;palavra
4533;palavra
4534;palavra
4535;palavra
4536;palavra
4537;palavra
4538;palavra
4539;palavra
4540;palavra
4541;palavra
4542;palavra
4543;palavra
4544;palavra
4545;palavra
4546;palavra
4547;palavra
4548;palavra
4549;palavra
4550;palavra
4551;palavra
4552;palavra
4553;palavra
4554;palavra
4555;palavra
4556;palavra
4557;palavra
4558;palavra
4559;palavra
4560;palavra
4561;palavra
4562;palavra
4563;palavra
4564;palavra
4565;palavra
4566;palavra
4567;palavra
4568;palavra
4569;palavra
4570;palavra
4571;palavra
4572;palavra
4573;palavra
4574;palavra
4575;palavra
4576;palavra
4577;palavra
4578;palavra
4579;palavra
4580;palavra
4581;palavra
4582;palavra
4583;palavra
4584;palavra
4585;palavra
4586;palavra
4587;palavra
4588;palavra
4589;palavra
4590;palavra
4591;palavra
4592;palavra
4593;palavra
4594;palavra
4595;palavra
4596;palavra
4597;palavra
4598;palavra
4599;palavra
4600;palavra
4601;palavra
4602;palavra
4603;palavra
4604;palavra
4605;palavra
4606;palavra
4607;palavra
4608;palavra
4609;palavra
4610;palavra
4611;palavra
4612;palavra
4613;palavra
4614;palavra
4615;palavra
4616;palavra
4617;palavra
4618;palavra
4619;palavra
4620;palavra
4621;palavra
4622;palavra
4623;palavra
4624;palavra
4625;palavra
4626;palavra
4627;palavra
4628;palavra
4629;palavra
4630;palavra
4631;palavra
4632;palavra
4633;palavra
4634;palavra
4635;palavra
4636;palavra
4637;palavra
4638;palavra
4639;palavra
4640;palavra
4641;palavra
4642;palavra
4643;palavra
4644;palavra
4645;palavra
4646;palavra
4647;palavra
4648;palavra
4649;palavra
4650;palavra
4651;palavra
4652;palavra
4653;palavra
4654;palavra
4655;palavra
4656;palavra
4657;palavra
4658;palavra
4659;palavra
4660;palavra
4661;palavra
4662;palavra
4663;palavra
4664;palavra
4665;palavra
4666;palavra
4667;palavra
4668;palavra
4669;palavra
4670;palavra
4671;palavra
4672;palavra
4673;palavra
4674;palavra
4675;palavra
4676;palavra
4677;palavra
4678;palavra
4679;palavra
4680;palavra
4681;palavra
4682;palavra
4683;palavra
4684;palavra
4685;palavra
4686;palavra
4687;palavra
4688;palavra
4689;palavra
4690;palavra
4691;palavra
4692;palavra
4693;palavra
4694;palavra
4695;palavra
4696;palavra
4697;palavra
4698;palavra
4699;palavra
4700;palavra
4701;palavra
4702;palavra
4703;palavra
4704;palavra
4705;palavra
4706;palavra
4707;palavra
4708;palavra
4709;palavra
4710;palavra
4711;palavra
4712;palavra
4713;palavra
4714;palavra
4715;palavra
4716;palavra
4717;palavra
4718;palavra
4719;palavra
4720;palavra
4721;palavra
4722;palavra
4723;palavra
4724;palavra
4725;palavra
4726;palavra
4727;palavra
4728;palavra
4729;palavra
4730;palavra
4731;palavra
4732;palavra
4733;palavra
4734;palavra
4735;palavra
4736;palavra
4737;palavra
4738;palavra
4739;palavra
4740;palavra
4741;palavra
4742;palavra
4743;palavra
4744;palavra
4745;palavra
4746;palavra
4747;palavra
4748;palavra
4749;palavra
4750;palavra
4751;palavra
4752;palavra
4753;palavra
4754;palavra
4755;palavra
4756;palavra
4757;palavra
4758;palavra
4759;palavra
4760;palavra
4761;palavra
4762;palavra
4763;palavra
4764;palavra
4765;palavra
4766;palavra
4767;palavra
4768;palavra
4769;palavra
4770;palavra
4771;palavra
4772;palavra
4773;palavra
4774;palavra
4775;palavra
4776;palavra
4777;palavra
4778;palavra
4779;palavra
4780;palavra
4781;palavra
4782;palavra
4783;palavra
4784;palavra
4785;palavra
4786;palavra
4787;palavra
4788;palavra
4789;palavra
4790;palavra
4791;palavra
4792;palavra
4793;palavra
4794;palavra
4795;palavra
4796;palavra
4797;palavra
4798;palavra
4799;palavra
4800;palavra
4801;palavra
4802;palavra
4803;palavra
4804;palavra
4805;palavra
4806;palavra
4807;palavra
4808;palavra
4809;palavra
4810;palavra
4811;palavra
4812;palavra
4813;palavra
4814;palavra
4815;palavra
4816;palavra
4817;palavra
4818;palavra
4819;palavra
4820;palavra
4821;palavra
4822;palavra
4823;palavra
4824;palavra
4825;palavra
4826;palavra
4827;palavra
4828;palavra
4829;palavra
4830;palavra
4831;palavra
4832;palavra
4833;palavra
4834;palavra
4835;palavra
4836;palavra
4837;palavra
4838;palavra
4839;palavra
4840;palavra
4841;palavra
4842;palavra
4843;palavra
4844;palavra
4845;palavra
4846;palavra
4847;palavra
4848;palavra
4849;palavra
4850;palavra
4851;palavra
4852;palavra
4853;palavra
4854;palavra
4855;palavra
4856;palavra
4857;palavra
4858;palavra
4859;palavra
4860;palavra
4861;palavra
4862;palavra
4863;palavra
4864;palavra
4865;palavra
4866;palavra
4867;palavra
4868;palavra
4869;palavra
4870;palavra
4871;palavra
4872;palavra
4873;palavra
4874;palavra
4875;palavra
4876;palavra
4877;palavra
4878;palavra
4879;palavra
4880;palavra
4881;palavra
4882;palavra
4883;palavra
4884;palavra
4885;palavra
4886;palavra
4887;palavra
4888;palavra
4889;palavra
4890;palavra
4891;palavra
4892;palavra
4893;palavra
4894;palavra
4895;palavra
4896;palavra
4897;palavra
4898;palavra
4899;palavra
4900;palavra
4901;palavra
4902;palavra
4903;palavra
4904;palavra
4905;palavra
4906;palavra
4907;palavra
4908;palavra
4909;palavra
4910;palavra
4911;palavra
4912;palavra
4913;palavra
4914;palavra
4915;palavra
4916;palavra
4917;palavra
4918;palavra
4919;palavra
4920;palavra
4921;palavra
4922;palavra
4923;palavra
4924;palavra
4925;palavra
4926;palavra
4927;palavra
4928;palavra
4929;palavra
4930;palavra
4931;palavra
4932;palavra
4933;palavra
4934;palavra
4935;palavra
4936;palavra
4937;palavra
4938;palavra
4939;palavra
4940;palavra
4941;palavra
4942;palavra
4943;palavra
4944;palavra
4945;palavra
4946;palavra
4947;palavra
4948;palavra
4949;palavra
4950;palavra
4951;palavra
4952;palavra
4953;palavra
4954;palavra
4955;palavra
4956;palavra
4957;palavra
4958;palavra
4959;palavra
4960;palavra
4961;palavra
4962;palavra
4963;palavra
4964;palavra
4965;palavra
4966;palavra
4967;palavra
4968;palavra
4969;palavra
4970;palavra
4971;palavra
4972;palavra
4973;palavra
4974;palavra
4975;palavra
4976;palavra
4977;palavra
4978;palavra
4979;palavra
4980;palavra
4981;palavra
4982;palavra
4983;palavra
4984;palavra
4985;palavra
4986;palavra
4987;palavra
4988;palavra
4989;palavra
4990;palavra
4991;palavra
4992;palavra
4993;palavra
4994;palavra
4995;palavra
4996;palavra
4997;palavra
4998;palavra
4999;palavra
5000;palavra
5001;palavra
5002;palavra
5003;palavra
5004;palavra
5005;palavra
5006;palavra
5007;palavra
5008;palavra
5009;palavra
5010;palavra
5011;palavra
5012;palavra
5013;palavra
5014;palavra
5015;palavra
5016;palavra
5017;palavra
5018;palavra
5019;palavra
5020;palavra
5021;palavra
5022;palavra
5023;palavra
5024;palavra
5025;palavra
5026;palavra
5027;palavra
5028;palavra
5029;palavra
5030;palavra
5031;palavra
5032;palavra
5033;palavra
5034;palavra
5035;palavra
5036;palavra
5037;palavra
5038;palavra
5039;palavra
5040;palavra
5041;palavra
5042;palavra
5043;palavra
5044;palavra
5045;palavra
5046;palavra
5047;palavra
5048;palavra
5049;palavra